{
  "F": 0.7255201138987603,
  "p": 0.6441386483328069,
  "k": 7,
  "n_total": 14
}