{
  "F": 1.5485390986073762,
  "p": 0.10468907877696781,
  "k": 13,
  "n_total": 390
}