{
  "F": 0.9970705257363838,
  "p": 0.4989825276515313,
  "k": 13,
  "n_total": 26
}