{
  "Factual": {
    "n": 30,
    "global_mean": -0.0047255216066666664,
    "global_sd": 0.00521526428478043,
    "language_rel": 0.07607390672333333
  },
  "Spatial": {
    "n": 30,
    "global_mean": -0.0062900371233333315,
    "global_sd": 0.0028427123373280603,
    "language_rel": 0.14059666856666667
  },
  "TextVerbal": {
    "n": 30,
    "global_mean": -0.004713382475,
    "global_sd": 0.003659522036626965,
    "language_rel": 0.1090364816
  },
  "ThreatSafety": {
    "n": 30,
    "global_mean": -0.005109498821666667,
    "global_sd": 0.003620339493880414,
    "language_rel": 0.12143713776666668
  },
  "Abstract": {
    "n": 30,
    "global_mean": -0.006429601309,
    "global_sd": 0.004346169595328324,
    "language_rel": 0.1129470603
  },
  "Multimodal": {
    "n": 30,
    "global_mean": -0.004309014326,
    "global_sd": 0.0037924825365578288,
    "language_rel": 0.08615557516666666
  },
  "Emotional": {
    "n": 30,
    "global_mean": -0.004234749423333333,
    "global_sd": 0.004328000163538934,
    "language_rel": 0.0605246011
  },
  "ImageVisual": {
    "n": 30,
    "global_mean": -0.004120696689333333,
    "global_sd": 0.0043839811017234625,
    "language_rel": 0.11506187200000001
  },
  "Social": {
    "n": 30,
    "global_mean": -0.006541296086666665,
    "global_sd": 0.0038544115333003005,
    "language_rel": 0.09759776786666666
  },
  "Narrative": {
    "n": 30,
    "global_mean": -0.004609003256666667,
    "global_sd": 0.004795985873039821,
    "language_rel": 0.07154164993333335
  },
  "Novelty": {
    "n": 30,
    "global_mean": -0.0058309042766666675,
    "global_sd": 0.002846381416343034,
    "language_rel": 0.11484210253333332
  },
  "AudioText": {
    "n": 30,
    "global_mean": -0.0037493895600000005,
    "global_sd": 0.00535800345035112,
    "language_rel": 0.08422848506666665
  },
  "Reward": {
    "n": 30,
    "global_mean": -0.0056100817733333325,
    "global_sd": 0.003210199896069207,
    "language_rel": 0.12199501730000001
  }
}